uses_https,url_length,subdomain_count,has_ip,has_at,is_url_shortener,hyphen_count,suspicious_tld,domain_entropy,is_brand_lookalike,closest_brand,brand_distance,url,label
1,38,1,0,0,0,1,0,3.382,0,sbi,5,https://logowanie-facebook.vercel.app/,1
0,68,0,0,0,0,0,0,2.585,0,upi,4,http://helpry.jp/clxj-blockchain-rqdd-helpry-pgkzw-blockchain-wzojvh,1
1,40,1,0,0,0,2,0,3.725,0,sbi,4,https://logical-words-764346.framer.app/,1
1,44,1,0,0,0,2,0,3.823,0,rbi,4,https://frequent-industry-913696.framer.app/,1
0,22,2,0,0,0,0,0,-0.0,0,sbi,3,http://www.m.6442.win/,1
1,34,0,0,0,0,0,0,2.5,0,sbi,4,https://abumusan.icu/JamesTate4840,1
1,44,1,0,0,0,0,0,1.585,1,paytm,2,https://pay.paykmc.com/paypal/8xgzenct.html/,1
1,29,1,0,0,0,0,0,2.252,0,hdfc,4,https://18d1f4.icefactory.cl/,1
1,115,0,0,0,0,0,0,3.252,0,sbi,4,https://loginservice.cloud/E.z3O9zGCv0QU?/redirect=45766572797468696e67206973206e6f742077686174206974207365656d730a,1
0,28,1,0,0,0,0,0,2.585,0,sbi,5,http://f8d4a7.icefactory.cl/,1
1,29,1,0,0,0,0,0,2.252,0,sbi,5,https://876fdd.icefactory.cl/,1
0,40,2,0,0,0,1,0,3.625,0,rbi,4,http://www.worldinfoeua-zeta.vercel.app/,1
1,27,1,0,0,0,0,0,2.252,0,paytm,4,https://jazzyt.netlify.app/,1
0,35,1,0,0,0,0,0,3.093,0,sbi,4,http://binancewallett.blogspot.com/,1
0,30,1,0,0,0,0,0,2.522,0,sbi,4,http://loginbelll.netlify.app/,1
0,38,1,0,0,0,2,0,2.753,0,sbi,5,http://ledger-eng-begin.typedream.app/,1
1,42,1,0,0,0,2,0,3.455,0,sbi,5,https://ledgrelivapp--crome.typedream.app/,1
1,47,1,0,0,0,4,0,3.284,0,sbi,5,https://learn-start-io-trezor-us.typedream.app/,1
0,48,1,0,0,0,2,0,3.979,0,sbi,4,http://lambent-snickerdoodle-40fd2d.netlify.app/,1
0,54,1,0,0,0,4,0,4.285,0,sbi,4,http://instagram-clone-54j2bplvs-excell-09.vercel.app/,1
1,57,1,0,0,0,6,0,3.553,0,sbi,5,https://ledger-login-web-conect-web-sso-in.typedream.app/,1
1,48,1,0,0,0,4,0,3.101,0,sbi,5,https://ledger-login-ledger-us-en.typedream.app/,1
0,37,1,0,0,0,2,0,3.19,0,sbi,5,http://neon-choux-edf3ed.netlify.app/,1
0,34,1,0,0,0,1,0,2.777,0,sbi,5,http://ledgerlive-eng.netlify.app/,1
1,50,1,0,0,0,3,0,4.182,0,rbi,4,https://gorvanel-biz-zormutera-a1m9pc63.pages.dev/,1
0,51,1,0,0,0,4,0,4.116,0,sbi,5,http://dlavor-bintel-3b82fc-mrkt-grendal.pages.dev/,1
0,44,1,0,0,0,4,0,4.005,0,sbi,4,http://m5zi-5nyu2g-ec3-2dn9-vt3gf.pages.dev/,1
0,56,1,0,0,0,5,0,4.029,0,sbi,5,http://jaz-sunaeae-05041b-gr1204gr-gg-2406tlf.pages.dev/,1
1,45,1,0,0,0,4,0,3.823,0,sbi,5,https://kymnp-vvlhkp-7wj-qw9-xojqm.pages.dev/,1
1,61,1,0,0,0,5,0,4.391,0,sbi,4,https://glemizng-parfait-a763e6-kl1204lk-n-2406uxj.pages.dev/,1
0,53,1,0,0,0,4,0,4.478,0,sbi,4,http://jelvik-pronda-8f9a33-njyhh-g2406xra.pages.dev/,1
0,57,2,0,0,0,2,0,3.753,0,sbi,4,http://www.memberservices-backupcentre-exodus.vercel.app/,1
1,46,1,0,0,0,4,0,3.936,0,sbi,5,https://htqx-mu9hg-aqhpz-rfjaw-paoe.pages.dev/,1
1,50,1,0,0,0,4,0,4.208,0,rbi,4,https://crenox-filda-d5c471-shrr-ponvek.pages.dev/,1
1,53,1,0,0,0,4,0,4.231,0,sbi,5,https://hlonex-fursa-a7c109-wplm-grw0307rw.pages.dev/,1
0,46,1,0,0,0,4,0,3.97,0,sbi,4,http://foit-k7v1m9-kvc4b-ciyox-tcgu.pages.dev/,1
1,49,1,0,0,0,5,0,4.214,0,hdfc,4,https://hl8w-c0jq-fip-xy2l-n4yq-6lsk7i.pages.dev/,1
1,49,1,0,0,0,4,0,4.027,0,sbi,4,https://sp0ct-belrem-biz-delqok-lorvix.pages.dev/,1
0,51,1,0,0,0,4,0,4.211,0,sbi,4,http://sp15ct7-prelvik-biz-torsen-kumral.pages.dev/,1
1,51,1,0,0,0,4,0,4.209,0,sbi,4,https://sp15ct7-korzan-biz-desvik-lormek.pages.dev/,1
1,51,1,0,0,0,4,0,4.28,0,sbi,4,https://sp15ct7-gresor-biz-fantik-lurmon.pages.dev/,1
1,51,1,0,0,0,4,0,4.307,0,sbi,4,https://sp15ct7-delvak-biz-mornik-frasel.pages.dev/,1
0,50,1,0,0,0,4,0,4.307,0,sbi,4,http://sp15ct7-kelvor-biz-drasen-lumvik.pages.dev/,1
0,51,1,0,0,0,4,0,4.168,0,sbi,4,http://sp15ct7-nolrek-biz-prastor-furvik.pages.dev/,1
0,50,1,0,0,0,4,0,4.307,0,sbi,4,http://sp15ct7-pravik-biz-holsen-kurmel.pages.dev/,1
1,51,1,0,0,0,4,0,4.236,0,sbi,4,https://sp15ct7-rastel-biz-kolnar-fimvek.pages.dev/,1
1,51,1,0,0,0,4,0,4.236,0,sbi,4,https://sp15ct7-helmon-biz-kravel-sintor.pages.dev/,1
1,44,1,0,0,0,3,0,3.197,0,upi,3,https://help-io-start-treezer.typedream.app/,1
1,51,1,0,0,0,4,0,4.307,0,sbi,4,https://sp15ct7-hurnel-biz-fostek-ravnik.pages.dev/,1
0,51,1,0,0,0,4,0,4.237,0,sbi,4,http://sp15ct7-dolvik-biz-prasten-horlek.pages.dev/,1
0,50,1,0,0,0,4,0,4.182,0,sbi,4,http://sp15ct7-ronvek-biz-helsar-kemvik.pages.dev/,1
0,48,1,0,0,0,4,0,4.133,0,sbi,4,http://sp0ct-relvix-biz-morqem-gelnax.pages.dev/,1
0,50,1,0,0,0,4,0,4.209,0,sbi,4,http://sp15ct7-haskor-biz-lurten-savnik.pages.dev/,1
0,50,1,0,0,0,4,0,4.307,0,sbi,4,http://sp15ct7-kurzel-biz-monrik-falven.pages.dev/,1
0,48,1,0,0,0,4,0,4.085,0,sbi,4,http://sp0ct-qelnex-biz-lorqax-farnok.pages.dev/,1
1,49,1,0,0,0,4,0,4.239,0,sbi,4,https://sp0ct-korqax-biz-felnex-yorvik.pages.dev/,1
1,47,1,0,0,0,2,0,3.72,0,rbi,4,https://transcendent-quokka-c4c95c.netlify.app/,1
0,50,1,0,0,0,4,0,4.138,0,sbi,4,http://sp15ct7-lentor-biz-varnik-dresol.pages.dev/,1
0,50,1,0,0,0,4,0,4.236,0,sbi,4,http://sp15ct7-horvik-biz-zansel-kruton.pages.dev/,1
1,60,1,0,0,0,5,0,4.329,0,sbi,4,https://silly-gid-druid-75279c-btr1004qfg-2406bqw.pages.dev/,1
1,51,1,0,0,0,4,0,4.209,0,sbi,4,https://sp15ct7-grasik-biz-forlen-haskel.pages.dev/,1
1,51,1,0,0,0,4,0,4.28,0,sbi,4,https://sp15ct7-borvik-biz-rensal-mudrek.pages.dev/,1
0,46,1,0,0,0,5,0,4.143,0,sbi,5,http://t9m3-h18-i0vqr-5k33-zki-os4x.pages.dev/,1
1,44,1,0,0,0,4,0,4.011,0,sbi,4,https://tloi-kdi-6csf7-s6q28w-r5d.pages.dev/,1
1,50,1,0,0,0,4,0,4.162,0,sbi,4,https://sp29ct-kastik-biz-zormel-vanqor.pages.dev/,1
1,64,1,0,0,0,4,0,4.16,0,sbi,4,https://statuesque-buttercream-70ab03-ht1504h-2406cwp.pages.dev/,1
1,50,1,0,0,0,4,0,4.162,0,sbi,4,https://sp29ct-kamlor-biz-vensik-fartel.pages.dev/,1
0,49,1,0,0,0,4,0,4.236,0,sbi,4,http://sp29ct-zavlor-biz-hensik-qempar.pages.dev/,1
0,53,1,0,0,0,4,0,4.285,0,rbi,3,http://travik-vormel-c35ad2-njyrr-x2406adt.pages.dev/,1
0,57,1,0,0,0,4,0,4.501,0,upi,4,http://quarnix-vomtek-c8a521-hn1504jj-g2406mru.pages.dev/,1
1,50,1,0,0,0,4,0,4.134,0,sbi,4,https://sp29ct-lensok-biz-karmik-favtor.pages.dev/,1
1,41,1,0,0,0,2,0,3.059,0,sbi,4,https://nimble-cendol-ed4dde.netlify.app/,1
0,44,1,0,0,0,5,0,3.749,0,rbi,3,http://rqi-i26-rkh9-lq4o-8xr9-n9p.pages.dev/,1
0,57,1,0,0,0,4,0,4.34,0,paytm,5,http://plaxor-dremik-2cb715-hf1504rr-br2406mqa.pages.dev/,1
0,63,1,0,0,0,5,0,4.244,0,paytm,5,http://heartfelt-semifreddo-aab0fa-gez1204-g-2406qxo.pages.dev/,1
0,53,1,0,0,0,4,0,4.245,0,sbi,4,http://plorik-vensha-0ae7c1-nyhh-hf2406vro.pages.dev/,1
0,43,1,0,0,0,4,0,3.821,0,upi,4,http://h9phj-rqq-060f1-256n-onii.pages.dev/,1
0,57,1,0,0,0,4,0,4.422,0,sbi,5,http://nexari-blimor-1a63ef-hr1504jj-gn2406xut.pages.dev/,1
1,62,1,0,0,0,5,0,4.208,0,sbi,5,https://melodic-cranachan-837c34-bn1204n-gh-2406gmd.pages.dev/,1
1,54,1,0,0,0,4,0,4.22,0,rbi,3,https://marnix-qustek-a18ce4-ggrbn-t2406aee.pages.dev/,1
1,41,1,0,0,0,2,0,3.419,0,rbi,4,https://merry-maamoul-33ac49.netlify.app/,1
0,51,1,0,0,0,4,0,3.923,0,sbi,5,http://llavor-pintel-4m93eb-crkt-lrendal.pages.dev/,1
1,55,1,0,0,0,4,0,4.176,0,rbi,4,https://orehgnox-f2ilda-d5c4r71-shrr-0307rgd.pages.dev/,1
1,51,1,0,0,0,4,0,4.111,0,rbi,3,https://draxil-zomber-1e91ac-kthn-dravik.pages.dev/,1
1,54,1,0,0,0,2,0,3.753,0,sbi,4,https://memberservices-backupcentre-exodus.vercel.app/,1
0,57,1,0,0,0,4,0,4.357,0,rbi,4,http://dravon-kelrix-c607b4-ggr1504bn-n2406pta.pages.dev/,1
1,51,1,0,0,0,4,0,4.084,0,rbi,3,https://lraxil-komber-4e91ac-kthn-dravik.pages.dev/,1
0,47,1,0,0,0,4,0,3.939,0,rbi,4,http://orenox-filda-d5c471-shrr-thrr.pages.dev/,1
1,47,1,0,0,0,3,0,4.134,0,upi,4,https://lunmori-gld-felquta-r1t5dk47.pages.dev/,1
1,49,1,0,0,0,4,0,4.056,0,rbi,4,https://i2r6od-aks-prjsms-63na0-kix572.pages.dev/,1
0,45,1,0,0,0,4,0,4.23,0,sbi,4,http://i2s-uoinm-xp1e-k89itv-j7bhb.pages.dev/,1
1,51,1,0,0,0,4,0,4.236,0,rbi,3,https://morvik-clenda-b7d204-rgtt-ponvek.pages.dev/,1
0,57,1,0,0,0,4,0,4.515,0,rbi,4,http://trelvo-samrik-46f29d-br1504bn-ny2406pax.pages.dev/,1
1,49,1,0,0,0,4,0,4.239,0,sbi,4,https://sp0ct0-curnex-biz-koltra-jemqi.pages.dev/,1
0,51,1,0,0,0,5,1,3.609,0,upi,4,http://apps-apple-com-ledger-crypto-us.square.site/,1
0,59,1,0,0,0,5,0,4.187,0,upi,4,http://fluzefy-torvcne-82407e-b-b1204bfe-2406qhe.pages.dev/,1
0,47,1,0,0,0,4,0,4.324,0,sbi,4,http://4fb-x7jw1o-u69p-ctqzfi-dvsbds.pages.dev/,1
1,45,1,0,0,0,4,0,4.061,0,sbi,5,https://dw7-eumhv-g1k5-k8gb-gqc1a0.pages.dev/,1
0,63,1,0,0,0,5,0,4.184,0,sbi,5,http://benevolt-cheesecake-1ea9ce-gf1204-gff-2406mjr.pages.dev/,1
1,53,1,0,0,0,3,0,4.22,0,sbi,5,https://benevolent-valkyrie-89c0d6-2406pdl.pages.dev/,1
1,43,1,0,0,0,4,0,3.622,0,upi,4,https://27p-sddo-up2-zcwe25-9i92.pages.dev/,1
1,43,1,0,0,0,4,0,3.922,0,sbi,5,https://90tf2-tkt-h83-oyj-tmld6e.pages.dev/,1
1,43,1,0,0,0,3,0,4.011,0,sbi,4,https://1zb-ltbqku-i8guer-hs1yw8.pages.dev/,1
1,48,1,0,0,0,4,0,4.214,0,sbi,5,https://2tywdr-ovc0j-yp7-enx8w-qa0u0u.pages.dev/,1
0,43,1,0,0,0,4,0,3.785,0,upi,4,http://3xu1-mw7vw-gby-bn75wg-hne.pages.dev/,1
1,49,1,0,0,0,0,0,2.236,0,rbi,3,https://robloxr.com.es/login?returlUrl=1179291790,1
1,40,0,0,0,0,0,0,3.322,0,sbi,4,https://kedaigroup.cyou/ww/dmlkorea.html,1
0,43,1,0,0,0,0,0,2.948,0,sbi,4,http://editpanel.iceiy.com/indexupdted.html,1
1,45,1,0,0,0,3,0,3.391,0,sbi,5,https://go-to-accounts-dashboards.vercel.app/,1
0,35,2,0,0,0,0,0,2.922,0,sbi,4,http://www.shopee8083.blogspot.com/,1
0,34,2,0,0,0,0,0,2.914,0,sbi,5,http://www.comacastnet.weebly.com/,1
0,30,2,0,0,0,0,0,2.522,0,sbi,5,http://www.comcsat.weebly.com/,1
0,37,2,0,0,0,0,0,3.664,0,sbi,4,http://www.xfinitycomhelp.weebly.com/,1
0,33,1,0,0,0,1,0,2.842,0,rbi,4,http://trezoorr-suitee.pages.dev/,1
1,57,2,0,0,0,0,0,2.725,0,sbi,5,https://backupiau.direct.quickconnect.to/cgi-bin/index.ha,1
0,39,1,0,0,0,0,0,3.346,0,sbi,4,http://verifyxfinityconnect.weebly.com/,1
0,28,1,0,0,0,0,0,2.585,0,sbi,5,http://14539e.icefactory.cl/,1
1,29,1,0,0,0,0,0,2.585,0,sbi,5,https://159c0f.icefactory.cl/,1
0,28,1,0,0,0,0,0,2.252,0,sbi,5,http://139543.icefactory.cl/,1
1,21,0,0,0,0,0,0,3.0,0,sbi,4,https://tokeimng.fit/,1
1,56,2,0,0,0,0,0,2.725,0,sbi,5,https://backupiau.direct.quickconnect.to/cgi-bin/home.ha,1
1,41,2,0,0,0,0,0,2.725,0,sbi,5,https://backupiau.direct.quickconnect.to/,1
1,44,1,0,0,0,2,0,3.093,0,sbi,4,https://oyster-app-sy22t.ondigitalocean.app/,1
1,73,1,0,0,0,1,0,2.777,0,upi,4,https://mudeerxdev-hue.github.io/CSS-LAST-ASSIGNMENT-NO-05-NETFLIX-CLONE/,1
1,45,2,0,0,0,3,0,3.085,0,sbi,4,https://sock-zizifn-kr.ludea-liu.workers.dev/,1
1,57,1,0,0,0,4,0,3.318,0,upi,4,https://php-web-server--soportemex.replit.app/indexx.html,1
1,55,0,0,0,0,0,0,3.236,0,sbi,5,https://delorestopliff.com/Adobesharefile/download.html,1
1,134,2,0,0,0,0,0,1.922,0,sbi,4,https://mwizz.leadsbr.com.br/latest/index.php/campaigns/xw2940e0wr6cd/track-url/qr0503kse065a/5ec8312732b0095f585fa756a3c5a93ec9e2f587,1
1,43,1,0,0,0,0,0,2.845,0,sbi,4,https://swarnaskyla.github.io/Netflix_clone,1
1,38,1,0,0,0,0,0,3.17,0,upi,4,https://funkelixo.net.br/123te123.html,1
1,74,2,0,0,0,0,0,2.322,0,sbi,4,https://www.store.communitystudionsarts.shop/workshop/AWP-AncientHeritage/,1
0,47,1,0,0,0,3,0,3.455,0,sbi,4,http://sea-turtle-app-jzwpn.ondigitalocean.app/,1
0,47,0,0,0,0,0,0,3.616,0,sbi,4,http://securebcolombiadiff.com/inicio-banco.php,1
1,79,2,0,0,0,2,0,4.489,0,sbi,5,https://1108ppusxkxlolxxisdforxxllp2-endpoint-cvbgavf7agdzc6eb.z03.azurefd.net/,1
0,54,2,0,0,0,3,0,3.842,0,upi,4,http://www.outlook-fastseed-validate-75484.weebly.com/,1
0,24,1,0,0,0,0,1,1.0,0,sbi,3,http://tf.xybcffqlc.xyz/,1
1,52,2,0,0,0,0,0,2.252,0,rbi,3,https://www.roblox.com.gr/users/332690197317/profile,1
0,27,0,0,0,0,1,0,3.522,0,sbi,4,http://leboncoin-auths.com/,1
0,37,2,0,0,0,0,0,2.638,0,sbi,3,http://www.sigininxfinity.weebly.com/,1
1,56,0,0,0,0,1,1,3.682,0,sbi,3,https://odbieramy-polaczenie.online/payu/bank/millenium/,1
0,35,2,0,0,0,0,0,3.085,0,sbi,4,http://www.myxfinitycom.weebly.com/,1
0,42,2,0,0,0,0,0,3.392,0,sbi,5,http://www.actualizacionmicros.weebly.com/,1
1,29,1,0,0,0,0,0,2.252,0,sbi,5,https://6c21d1.icefactory.cl/,1
0,28,1,0,0,0,0,0,1.918,0,hdfc,4,http://ddacbc.icefactory.cl/,1
0,36,1,0,0,0,0,0,2.725,0,sbi,5,http://www.acnabskin.com/m/register/,1
1,39,2,0,0,0,1,0,3.406,0,sbi,4,https://aktiffkan-paylaterzz.urr.my.id/,1
1,30,0,0,0,0,0,0,3.547,0,rbi,3,https://rectifymanual.live/app,1
1,32,1,0,0,0,1,0,3.323,0,sbi,5,https://imtoken-download.com.cn/,1
0,25,1,0,0,0,0,1,2.252,0,sbi,4,http://gemini.1shine.top/,1
1,43,1,0,0,0,2,0,3.646,0,sbi,5,https://cheerful-rose-tkryjfc0.edgeone.dev/,1
1,42,1,0,0,0,2,0,3.422,0,sbi,4,https://instagram-usman-haider.vercel.app/,1
1,46,2,0,0,0,2,0,3.422,0,sbi,4,https://www.instagram-usman-haider.vercel.app/,1
1,29,1,0,0,0,0,0,3.0,0,rbi,4,https://46r1pvth.nvqbe55.com/,1
1,30,1,0,0,0,0,0,3.122,0,sbi,4,https://xfinity365.weebly.com/,1
0,33,2,0,0,0,0,0,3.122,0,sbi,4,http://www.xfinity365.weebly.com/,1
1,294,1,0,0,0,4,0,4.085,0,sbi,4,https://sp18ct-zelvo-biz-ravex-nulri.pages.dev/rtyu-iopj-qewr-thjm?welcome=553286641387973&idnp=553286641387973&name_idnp=EcologyWise%20%D7%92%D7%99%D7%90%20%D7%A8%D7%95%D7%AA%D7%9D%20%20%20%D7%90%D7%A7%D7%95%D7%9C%D7%95%D7%92%D7%99%D7%94.%D7%A1%D7%91%D7%99%D7%91%D7%94.%D7%9E%D7%A8%D7%97%D7%91,1
1,18,0,0,0,0,0,0,1.922,0,hdfc,4,https://admah.com/,1
1,40,1,0,0,0,1,0,3.774,0,sbi,4,https://xfinity-upgrade2.weeblysite.com/,1
1,36,1,0,0,0,1,0,3.774,0,sbi,4,https://xfinity-upgrade2.weebly.com/,1
1,45,1,0,0,0,2,0,3.722,0,sbi,4,https://xfinity-customer-care.weeblysite.com/,1
1,41,1,0,0,0,2,0,3.722,0,sbi,4,https://xfinity-customer-care.weebly.com/,1
1,40,1,0,0,0,1,0,3.7,0,sbi,4,https://site-n8o57frwy.godaddysites.com/,1
1,29,1,0,0,0,0,0,2.585,0,sbi,5,https://0953f8.icefactory.cl/,1
1,29,1,0,0,0,0,0,2.252,0,sbi,5,https://e364ff.icefactory.cl/,1
0,34,1,0,0,0,0,0,2.406,0,sbi,4,http://nshsdfsi.us.cc/4g/home.html,1
1,35,0,0,0,0,0,0,3.0,0,sbi,4,https://lebrunsa.com/bid/index.html,1
1,49,1,0,0,0,1,0,3.375,0,sbi,4,https://sujan125ghosh-125.github.io/netflix-site/,1
0,41,2,0,0,0,2,0,3.274,0,upi,4,http://www.expense-eight-weld.vercel.app/,1
0,33,2,0,0,0,0,0,3.122,0,upi,4,http://www.campsofice.vercel.app/,1
0,41,2,0,0,0,2,0,3.328,0,upi,4,http://www.cuddly-disco-alpha.vercel.app/,1
0,37,1,0,0,0,2,0,3.274,0,upi,4,http://expense-eight-weld.vercel.app/,1
0,36,1,0,0,0,2,0,3.24,0,sbi,5,http://comcast-help-home.weebly.com/,1
1,26,0,0,0,0,0,0,3.664,0,rbi,4,https://portalviewsbco.cc/,1
0,26,0,0,0,0,0,0,2.985,0,upi,4,http://autoscout24opt.com/,1
0,24,1,0,0,0,0,0,2.5,0,upi,4,http://www.uiehhiow.com/,1
0,125,1,0,0,0,4,0,4.041,0,sbi,5,http://metamask-docs-l8lvh00ol-consensys-ddffed67.vercel.app/embedded-wallets/sdk/react-native/advanced/custom-authentication,1
0,81,1,0,0,0,4,0,4.041,0,sbi,5,http://metamask-docs-l8lvh00ol-consensys-ddffed67.vercel.app/embedded-wallets/sdk,1
1,91,1,0,0,0,4,0,4.041,0,sbi,5,https://metamask-docs-l8lvh00ol-consensys-ddffed67.vercel.app/embedded-wallets/sdk/flutter/,1
1,104,1,0,0,0,0,0,2.252,0,sbi,4,https://abc62a.icefactory.cl/WUp1VBczW1HZ2hn9kTS134SQ602K1ufmXVeW3Jhyof13ZbURTPRJwqNT7I2TBCY9/?rotated=1,1
1,29,1,0,0,0,0,0,2.585,0,sbi,5,https://a1f830.icefactory.cl/,1
0,93,1,0,0,0,4,0,4.041,0,sbi,5,http://metamask-docs-l8lvh00ol-consensys-ddffed67.vercel.app/embedded-wallets/troubleshooting,1
0,68,1,0,0,0,4,0,4.041,0,sbi,5,http://metamask-docs-l8lvh00ol-consensys-ddffed67.vercel.app/sdk/evm,1
0,122,1,0,0,0,4,0,4.041,0,sbi,5,http://metamask-docs-l8lvh00ol-consensys-ddffed67.vercel.app/embedded-wallets/authentication/custom-connections/custom-jwt,1
0,42,2,0,0,0,1,0,3.252,0,sbi,4,http://www.big-shopee997.blogspot.com/?m=1,1
1,32,1,0,0,0,1,0,2.252,0,sbi,5,https://bnc-flb.firebaseapp.com/,1
0,47,1,0,0,0,0,0,3.085,0,paytm,5,http://mantener1wht1.webcindario.com/index.html,1
0,33,1,0,0,0,0,0,2.807,0,sbi,3,http://msjihzx.us.cc/5g/home.html,1
0,28,1,0,0,0,0,0,2.252,0,sbi,5,http://22cef7.icefactory.cl/,1
0,28,1,0,0,0,0,0,2.585,0,sbi,5,http://7f49b1.icefactory.cl/,1
0,28,1,0,0,0,0,0,2.585,0,paytm,5,http://ea6327.icefactory.cl/,1
0,28,1,0,0,0,0,0,2.585,0,paytm,5,http://8a7d39.icefactory.cl/,1
0,28,1,0,0,0,0,0,1.918,0,sbi,5,http://7c1741.icefactory.cl/,1
0,28,1,0,0,0,0,0,2.252,0,paytm,5,http://2eaeb7.icefactory.cl/,1
0,28,1,0,0,0,0,0,2.252,0,sbi,5,http://3c0354.icefactory.cl/,1
0,28,1,0,0,0,0,0,2.252,0,paytm,5,http://26a92f.icefactory.cl/,1
0,28,1,0,0,0,0,0,2.252,0,sbi,5,http://c79eb7.icefactory.cl/,1
0,28,1,0,0,0,0,0,2.252,0,sbi,5,http://1c5197.icefactory.cl/,1
0,28,1,0,0,0,0,0,2.252,0,paytm,5,http://dcae2d.icefactory.cl/,1
0,28,1,0,0,0,0,0,2.252,0,sbi,5,http://12f198.icefactory.cl/,1
0,28,1,0,0,0,0,0,1.918,0,sbi,5,http://21182d.icefactory.cl/,1
0,28,1,0,0,0,0,0,2.585,0,sbi,5,http://bc4f19.icefactory.cl/,1
0,28,1,0,0,0,0,0,2.585,0,sbi,5,http://160c75.icefactory.cl/,1
0,28,1,0,0,0,0,0,2.252,0,sbi,4,http://6b48e8.icefactory.cl/,1
0,28,1,0,0,0,0,0,1.792,0,sbi,5,http://c02009.icefactory.cl/,1
0,28,1,0,0,0,0,0,2.252,0,sbi,5,http://17d725.icefactory.cl/,1
0,34,1,0,0,0,1,0,3.252,0,sbi,4,http://big-shopee997.blogspot.com/,1
0,28,1,0,0,0,0,0,2.252,0,sbi,5,http://564894.icefactory.cl/,1
0,28,1,0,0,0,0,0,2.585,0,sbi,5,http://7de24b.icefactory.cl/,1
0,28,1,0,0,0,0,0,2.585,0,sbi,5,http://732ebc.icefactory.cl/,1
0,28,1,0,0,0,0,0,2.252,0,sbi,4,http://cdbf0d.icefactory.cl/,1
0,28,1,0,0,0,0,0,2.585,0,sbi,5,http://5fe17c.icefactory.cl/,1
0,28,1,0,0,0,0,0,2.585,0,sbi,4,http://1adb37.icefactory.cl/,1
0,28,1,0,0,0,0,0,2.585,0,paytm,5,http://fa6942.icefactory.cl/,1
0,28,1,0,0,0,0,0,2.252,0,sbi,4,http://84b85a.icefactory.cl/,1
0,28,1,0,0,0,0,0,2.252,0,sbi,5,http://e43482.icefactory.cl/,1
0,28,1,0,0,0,0,0,2.585,0,sbi,5,http://8e256f.icefactory.cl/,1
0,28,1,0,0,0,0,0,2.585,0,hdfc,4,http://85d0c9.icefactory.cl/,1
0,28,1,0,0,0,0,0,2.252,0,sbi,5,http://b0664c.icefactory.cl/,1
0,28,1,0,0,0,0,0,2.252,0,sbi,5,http://f52d26.icefactory.cl/,1
0,28,1,0,0,0,0,0,2.585,0,sbi,4,http://40b5e9.icefactory.cl/,1
0,28,1,0,0,0,0,0,2.585,0,sbi,5,http://6c0fd9.icefactory.cl/,1
0,28,1,0,0,0,0,0,2.585,0,paytm,5,http://9a0513.icefactory.cl/,1
0,28,1,0,0,0,0,0,2.252,0,hdfc,4,http://a2fcc6.icefactory.cl/,1
0,28,1,0,0,0,0,0,2.585,0,sbi,4,http://39b54d.icefactory.cl/,1
0,28,1,0,0,0,0,0,2.252,0,sbi,5,http://4fd09f.icefactory.cl/,1
0,28,1,0,0,0,0,0,2.252,0,sbi,4,http://7b6297.icefactory.cl/,1
0,28,1,0,0,0,0,0,2.252,0,sbi,5,http://3d831e.icefactory.cl/,1
0,28,1,0,0,0,0,0,2.585,0,hdfc,4,http://b1fc29.icefactory.cl/,1
0,28,1,0,0,0,0,0,2.585,0,sbi,4,http://63b182.icefactory.cl/,1
0,28,1,0,0,0,0,0,2.252,0,sbi,5,http://150253.icefactory.cl/,1
0,28,1,0,0,0,0,0,2.252,0,sbi,4,http://1ab521.icefactory.cl/,1
0,28,1,0,0,0,0,0,2.585,0,sbi,5,http://ef23b5.icefactory.cl/,1
0,28,1,0,0,0,0,0,2.252,0,sbi,5,http://0188f6.icefactory.cl/,1
0,28,1,0,0,0,0,0,2.585,0,sbi,5,http://160e87.icefactory.cl/,1
0,28,1,0,0,0,0,0,2.252,0,sbi,4,http://4cb485.icefactory.cl/,1
0,28,1,0,0,0,0,0,2.252,0,sbi,4,http://b4b15a.icefactory.cl/,1
0,28,1,0,0,0,0,0,2.252,0,sbi,5,http://381901.icefactory.cl/,1
0,28,1,0,0,0,0,0,2.585,0,sbi,5,http://0c13a2.icefactory.cl/,1
0,28,1,0,0,0,0,0,2.252,0,hdfc,4,http://549fcf.icefactory.cl/,1
0,28,1,0,0,0,0,0,2.585,0,sbi,4,http://6bf172.icefactory.cl/,1
0,28,1,0,0,0,0,0,1.918,0,sbi,5,http://4533ff.icefactory.cl/,1
0,28,1,0,0,0,0,0,2.585,0,hdfc,4,http://729fc8.icefactory.cl/,1
0,28,1,0,0,0,0,0,2.585,0,sbi,5,http://0cf639.icefactory.cl/,1
0,28,1,0,0,0,0,0,1.918,0,sbi,5,http://c25aa2.icefactory.cl/,1
0,28,1,0,0,0,0,0,2.585,0,paytm,5,http://4cad71.icefactory.cl/,1
0,28,1,0,0,0,0,0,2.585,0,sbi,5,http://a6e897.icefactory.cl/,1
0,28,1,0,0,0,0,0,2.585,0,sbi,4,http://549bd3.icefactory.cl/,1
0,28,1,0,0,0,0,0,2.252,0,sbi,5,http://39c034.icefactory.cl/,1
0,28,1,0,0,0,0,0,2.585,0,paytm,5,http://8fa1c0.icefactory.cl/,1
0,28,1,0,0,0,0,0,2.585,0,sbi,5,http://e875a4.icefactory.cl/,1
0,28,1,0,0,0,0,0,2.585,0,sbi,4,http://64fb29.icefactory.cl/,1
0,28,1,0,0,0,0,0,2.252,0,paytm,5,http://2a75ff.icefactory.cl/,1
0,28,1,0,0,0,0,0,2.252,0,sbi,5,http://a61f41.icefactory.cl/,1
0,28,1,0,0,0,0,0,1.918,0,sbi,4,http://57bdb7.icefactory.cl/,1
0,28,1,0,0,0,0,0,1.918,0,sbi,5,http://ad0a60.icefactory.cl/,1
1,46,2,0,0,0,3,0,3.642,0,sbi,3,https://www.spotify-clone-beta-two.vercel.app/,1
1,42,2,0,0,0,1,0,3.455,0,sbi,4,https://www.discordclone-smoky.vercel.app/,1
0,35,1,0,0,0,1,0,2.611,0,sbi,4,http://danaindonesia-n.netlify.app/,1
1,42,1,0,0,0,2,0,3.892,0,sbi,4,https://delicate-scone-10639b.netlify.app/,1
0,37,1,0,0,0,1,0,3.455,0,sbi,4,http://discordclone-smoky.vercel.app/,1
0,38,1,0,0,0,0,0,3.684,0,rbi,4,http://proj002mintinglive.netlify.app/,1
1,49,1,0,0,0,4,0,3.447,0,sbi,5,https://ledger-login-conect-sso-us.typedream.app/,1
1,60,1,0,0,0,6,0,3.615,0,sbi,5,https://ledger-live-wallet-start-conect-us-en.typedream.app/,1
1,54,1,0,0,0,4,0,3.588,0,sbi,5,https://ledger-live-download-sso-conect.typedream.app/,1
1,42,1,0,0,0,3,0,3.642,0,sbi,3,https://spotify-clone-beta-two.vercel.app/,1
1,38,1,0,0,0,2,0,3.457,0,sbi,5,https://keen-liger-2bf69b.netlify.app/,1
1,44,1,0,0,0,3,0,3.722,0,rbi,4,https://portal-us-ledgercom-cdn.netlify.app/,1
0,46,1,0,0,0,2,0,3.851,0,sbi,4,http://inquisitive-medovik-8955c4.netlify.app/,1
0,31,1,0,0,0,0,0,3.335,0,sbi,4,http://dhariwalumang.github.io/,1
0,51,1,0,0,0,4,0,4.487,0,sbi,4,http://emivok-trelna-2ed83f-vjbyh-6cb712.pages.dev/,1
1,46,1,0,0,0,2,0,3.795,0,sbi,4,https://imaginative-klepon-32cfee.netlify.app/,1
1,52,1,0,0,0,4,0,4.375,0,sbi,4,https://dnivok-lrelna-9fj50a-cjbyh-3di489.pages.dev/,1
1,40,1,0,0,0,2,0,3.052,0,sbi,4,https://inset-liveledger-en.netlify.app/,1
0,49,2,0,0,0,1,0,3.828,0,rbi,4,http://www.programundian-shopee1010.blogspot.com/,1
0,63,1,0,0,0,0,0,1.922,0,sbi,4,http://sites.google.com/view/serveur-communication-box/accueil/,1
1,29,1,0,0,0,0,0,2.252,0,sbi,5,https://ee7ca9.icefactory.cl/,1
1,29,1,0,0,0,0,0,2.585,0,sbi,4,https://0b94f5.icefactory.cl/,1
1,29,1,0,0,0,0,0,2.585,0,sbi,5,https://e23859.icefactory.cl/,1
0,28,1,0,0,0,0,0,2.252,0,phonepe,5,http://4c8ede.icefactory.cl/,1
0,38,2,0,0,0,1,0,3.418,0,rbi,4,http://www.grand-prize60.blogspot.com/,1
1,29,1,0,0,0,0,0,2.252,0,sbi,5,https://72e520.icefactory.cl/,1
1,35,1,0,0,0,1,0,3.418,0,rbi,4,https://grand-prize60.blogspot.com/,1
1,44,1,0,0,0,2,0,3.785,0,sbi,4,https://lambent-marzipan-07d722.netlify.app/,1
0,43,1,0,0,0,3,0,3.281,0,upi,4,http://help-ledger-eng-start.typedream.app/,1
1,46,2,0,0,0,4,0,3.308,0,sbi,4,https://www.web-trezor-io-start-us.vercel.app/,1
0,41,2,0,0,0,2,0,3.522,0,sbi,5,http://www.tinyurl-blox-web.blogspot.com/,1
1,45,1,0,0,0,3,0,3.821,0,upi,4,https://youtube-viral-link-share.netlify.app/,1
1,39,2,0,0,0,1,0,2.855,0,sbi,4,https://www.pt-shopee4777.blogspot.com/,1
1,46,2,0,0,0,3,0,3.787,0,sbi,3,https://www.spotify-clone-tau-gold.vercel.app/,1
1,43,2,0,0,0,2,0,3.264,0,rbi,3,https://www.profile-lemon-three.vercel.app/,1
0,45,1,0,0,0,1,0,3.828,0,rbi,4,http://programundian-shopee1010.blogspot.com/,1
1,36,2,0,0,0,1,0,2.845,0,sbi,5,https://www.license-keys.vercel.app/,1
0,47,1,0,0,0,2,0,4.054,0,sbi,5,http://flourishing-marzipan-b0969f.netlify.app/,1
0,34,1,0,0,0,1,0,2.855,0,sbi,4,http://pt-shopee4777.blogspot.com/,1
0,43,2,0,0,0,1,0,3.337,0,sbi,4,http://www.instagram-jennifer.blogspot.com/,1
1,52,1,0,0,0,3,0,3.526,0,rbi,4,https://arencia-vitaminc-booster-amazon.netlify.app/,1
0,47,1,0,0,0,3,0,3.502,0,upi,4,http://appl-replica-bootstrap-zena.netlify.app/,1
1,45,1,0,0,0,4,1,3.484,0,upi,4,https://auth-netcoins-com-x-auth.square.site/,1
1,44,2,0,0,0,2,0,3.75,0,sbi,4,https://www.claim-robux-here34.blogspot.com/,1
1,51,1,0,0,0,4,0,4.307,0,sbi,4,https://sp15ct7-havrek-biz-pronik-fulsen.pages.dev/,1
1,22,1,0,0,0,0,0,1.918,0,googlepay,3,https://www.google.com,0
1,21,1,0,0,0,0,0,2.252,0,amazon,0,https://www.amazon.in,0
1,25,1,0,0,0,0,0,2.642,0,sbi,4,https://www.wikipedia.org,0
1,18,0,0,0,0,0,0,2.585,0,sbi,5,https://github.com,0
1,21,1,0,0,0,0,0,2.322,0,paytm,0,https://www.paytm.com,0
1,23,1,0,0,0,0,0,2.236,0,phonepe,0,https://www.phonepe.com,0
1,21,2,0,0,0,0,0,1.585,0,sbi,0,https://www.sbi.co.in,0
1,24,1,0,0,0,0,0,3.0,1,hdfc,2,https://www.hdfcbank.com,0
1,25,1,0,0,0,0,0,2.419,1,icici,2,https://www.icicibank.com,0
1,24,1,0,0,0,0,0,3.0,0,flipkart,0,https://www.flipkart.com,0
1,23,1,0,0,0,0,0,2.522,0,upi,4,https://www.youtube.com,0
1,24,1,0,0,0,0,0,2.75,0,sbi,5,https://www.facebook.com,0
1,25,1,0,0,0,0,0,2.948,0,sbi,4,https://www.instagram.com,0
1,23,1,0,0,0,0,0,2.128,0,sbi,4,https://www.twitter.com,0
1,24,1,0,0,0,0,0,2.5,0,sbi,5,https://www.linkedin.com,0
1,22,1,0,0,0,0,0,2.252,0,rbi,3,https://www.reddit.com,0
1,29,1,0,0,0,0,0,3.547,0,sbi,4,https://www.stackoverflow.com,0
1,25,1,0,0,0,0,0,2.948,0,sbi,5,https://www.microsoft.com,0
1,21,1,0,0,0,0,0,1.922,0,upi,4,https://www.apple.com,0
1,23,1,0,0,0,0,0,2.807,0,sbi,5,https://www.netflix.com,0
1,23,1,0,0,0,0,0,2.0,0,sbi,3,https://mail.google.com,0
1,24,1,0,0,0,0,0,2.322,0,sbi,4,https://drive.google.com,0
1,23,1,0,0,0,0,0,2.0,0,hdfc,3,https://docs.google.com,0
1,24,1,0,0,0,0,0,2.5,0,whatsapp,0,https://www.whatsapp.com,0
1,24,1,0,0,0,0,0,1.585,0,sbi,3,https://web.telegram.org,0
1,22,2,0,0,0,0,0,1.585,0,rbi,0,https://www.rbi.org.in,0
1,28,2,0,0,0,0,0,3.17,0,sbi,5,https://www.incometax.gov.in,0
1,23,2,0,0,0,0,0,1.922,0,icici,3,https://www.irctc.co.in,0
1,32,2,0,0,0,0,0,3.085,0,sbi,4,https://www.passportindia.gov.in,0
1,27,2,0,0,0,0,0,2.75,0,upi,3,https://www.epfindia.gov.in,0
1,22,1,0,0,0,0,0,2.585,0,paytm,5,https://www.myntra.com,0
1,22,1,0,0,0,0,0,2.252,0,amazon,4,https://www.zomato.com,0
1,22,1,0,0,0,0,0,2.252,0,sbi,3,https://www.swiggy.com,0
1,26,1,0,0,0,0,0,3.122,0,paytm,5,https://www.makemytrip.com,0
1,26,1,0,0,0,0,0,2.846,0,sbi,5,https://www.bookmyshow.com,0
1,22,1,0,0,0,0,0,2.585,0,upi,4,https://www.naukri.com,0
1,22,1,0,0,0,0,0,2.252,0,sbi,4,https://www.medium.com,0
1,21,1,0,0,0,0,0,1.918,0,sbi,4,https://www.notion.so,0
1,21,1,0,0,0,0,0,2.322,0,paytm,5,https://www.figma.com,0
1,21,1,0,0,0,0,0,1.922,0,paytm,4,https://www.canva.com,0
1,23,1,0,0,0,0,0,2.807,0,sbi,3,https://www.spotify.com,0
1,23,1,0,0,0,0,0,2.522,0,rbi,4,https://www.dropbox.com,0
1,19,1,0,0,0,0,0,1.5,0,paytm,4,https://www.zoom.us,0
1,21,1,0,0,0,0,0,2.322,0,sbi,4,https://www.slack.com,0
1,21,1,0,0,0,0,0,2.322,0,sbi,4,https://www.adobe.com,0
1,22,1,0,0,0,0,0,1.918,0,paytm,3,https://www.paypal.com,0
1,22,1,0,0,0,0,0,2.585,0,sbi,3,https://www.stripe.com,0
1,23,1,0,0,0,0,0,2.807,0,sbi,3,https://www.shopify.com,0
1,24,1,0,0,0,0,0,2.75,0,upi,4,https://www.coursera.org,0
1,27,1,0,0,0,0,0,3.027,0,hdfc,4,https://www.khanacademy.org,0
1,23,2,0,0,0,0,0,2.322,0,upi,4,https://www.nptel.ac.in,0
1,22,1,0,0,0,0,0,2.585,0,sbi,5,https://www.news18.com,0
1,20,1,0,0,0,0,0,2.0,0,hdfc,3,https://www.ndtv.com,0
1,24,1,0,0,0,0,0,2.75,0,sbi,4,https://www.thehindu.com,0
